Symbol,Security,GICS Sector,GICS Sub-Industry,Headquarters Location,SEC filings,CIK
AAMI,Acadian Asset Management Inc.,Financials,Asset Management & Custody Banks,"Boston, Massachusetts",view,1748824.0
AAP,"Advance Auto Parts, Inc.",Consumer Discretionary,Automotive Retail,"Raleigh, North Carolina",view,1158449.0
AAT,American Assets Trust,Real Estate,Diversified REITs,"San Diego, California",view,1500217.0
ABCB,Ameris Bancorp,Financials,Regional Banks,"Atlanta, Georgia",view,351569.0
ABG,Asbury Automotive Group,Consumer Discretionary,Automotive Retail,"Duluth, Georgia",view,1144980.0
ABM,"ABM Industries, Inc.",Industrials,Environmental & Facilities Services,"New York City, New York",view,771497.0
ABR,Arbor Realty Trust,Financials,Mortgage REITs,"Uniondale, New York",view,1253986.0
ACA,"Arcosa, Inc.",Industrials,Construction & Engineering,"Dallas, Texas",view,1739445.0
ACAD,Acadia Pharmaceuticals,Health Care,Pharmaceuticals,"San Diego, California",view,1070494.0
ACHC,Acadia Healthcare,Health Care,Health Care Facilities,"Franklin, Tennessee",view,1520697.0
ACIW,ACI Worldwide,Information Technology,Application Software,"Miami, Florida",view,935036.0
ACLS,"Axcelis Technologies, Inc.",Information Technology,Semiconductor Materials & Equipment,"Beverly, Massachusetts",view,1113232.0
ACMR,"ACM Research, Inc.",Information Technology,Semiconductor Materials & Equipment,"Fremont, California",view,1680062.0
ACT,"Enact Holdings, Inc.",Financials,Commercial & Residential Mortgage Finance,"Raleigh, North Carolina",view,1823529.0
ADAM,"Adamas Trust, Inc.",Real Estate,Mortgage REITs,"New York City, New York",view,1273685.0
ADEA,"Adeia, Inc.",Information Technology,IT Consulting & Other Services,"San Jose, California",view,1803696.0
ADMA,"ADMA Biologics, Inc.",Health Care,Biotechnology,"Ramsey, New Jersey",view,1368514.0
ADNT,Adient,Consumer Discretionary,Automotive Parts & Equipment,"Plymouth, Michigan",view,1670541.0
ADT,ADT Inc.,Consumer Discretionary,Specialized Consumer Services,"Boca Raton, Florida",view,1703056.0
ADUS,Addus HomeCare Corp.,Health Care,Health Care Services,"Frisco, Texas",view,1468328.0
AEO,American Eagle Outfitters,Consumer Discretionary,Apparel Retail,"Pittsburgh, Pennsylvania",view,919012.0
AESI,"Atlas Energy Solutions, Inc.",Energy,Oil & Gas Equipment & Services,"Austin, Texas",view,1984060.0
AGNT,"eXp World Holdings, Inc.",Real Estate,Real Estate Services,"Bellingham, Washington",view,1495932.0
AGO,Assured Guaranty Ltd.,Financials,Property & Casualty Insurance,"Hamilton, Bermuda",view,1273813.0
AGX,"Argan, Inc.",Industrials,Construction & Engineering,"Arlington County, Virginia",view,100591.0
AGYS,"Agilysys, Inc.",Information Technology,Application Software,"Alpharetta, Georgia",view,78749.0
AHCO,AdaptHealth Corp.,Health Care,Health Care Equipment,"Plymouth Meeting, Pennsylvania",view,1725255.0
AIN,Albany International Corp.,Industrials,Industrial Machinery & Supplies & Components,"Rochester, New Hampshire",view,819793.0
AIR,AAR CORP.,Industrials,Aerospace & Defense,"Wood Dale, Illinois",view,1750.0
AKR,Acadia Realty Trust,Real Estate,Retail REITs,"Rye, New York",view,899629.0
ALG,Alamo Group,Industrials,Construction Machinery & Heavy Transportation Equipment,"Seguin, Texas",view,897077.0
ALGT,Allegiant Travel Company,Industrials,Passenger Airlines,"Summerlin, Nevada",view,1362468.0
ALHC,"Alignment Healthcare, Inc.",Health Care,Health Care Services,"Orange, California",view,1832466.0
ALKS,Alkermes plc,Health Care,Pharmaceuticals,"Dublin, Ireland",view,1520262.0
ALRM,"Alarm.Com, Inc.",Financials,Application Software,"Tysons, Virginia",view,1459200.0
AMN,"Amn Healthcare Services, Inc.",Health Care,Health Care Services,"Dallas, Texas",view,1142750.0
AMPH,"Amphstar Pharmaceuticals, Inc.",Health Care,Pharmaceuticals,"Rancho Cucamonga, California",view,1297184.0
AMR,"Alpha Metallurgical Resources, Inc.",Materials,Steel,"Bristol, Tennessee",view,1704715.0
AMRX,Amneal Pharmaceuticals,Health Care,Pharmaceuticals,"Bridgewater Township, New Jersey",view,1723128.0
AMSF,"Amerisafe, Inc.",Financials,Property & Casualty Insurance,"DeRidder, Louisiana",view,1018979.0
AMTM,Amentum,Industrials,Diversified Support Services,"Chantilly, Virginia",view,2011286.0
ANDE,"The Andersons, Inc.",Consumer Staples,Food Distributors,"Maumee, Ohio",view,821026.0
ANIP,"ANI Pharmaceuticals, Inc.",Health Care,Pharmaceuticals,"Baudette, Minnesota",view,1023024.0
AORT,Artivion,Health Care,Health Care Equipment,"Kennesaw, Georgia",view,784199.0
AOSL,"Alpha and Omega Semiconductor, Ltd.",Information Technology,Semiconductors,"Sunnyvale, California",view,1387467.0
APAM,"Artisan Partners Asset Management, Inc.",Financials,Asset Management & Custody Banks,"Milwaukee, Wisconsin",view,1517302.0
APLE,"Apple Hospitality REIT, Inc.",Real Estate,Hotel & Resort REITs,"Richmond, Virginia",view,1418121.0
APOG,"Apogee Enterprises, Inc.",Industrials,Building Products,"Minneapolis, Minnesota",view,6845.0
ARCB,ArcBest Corp.,Industrials,Cargo Ground Transportation,"Fort Smith, Arkansas",view,894405.0
ARLO,Arlo Technologies,Information Technology,Communications Equipment,"San Jose, California",view,1736946.0
AROC,"Archrock, Inc.",Energy,Oil & Gas Equipment & Services,"Houston, Texas",view,1389050.0
ARR,Armour Residential REIT,Real Estate,Mortgage REITs,"Vero Beach, Florida",view,1428205.0
ASO,Academy Sports + Outdoors,Consumer Discretionary,Specialty Stores,"Harris County, Texas",view,1817358.0
ASTE,"Astec Industries, Inc.",Industrials,Construction Machinery & Heavy Transportation Equipment,"Chattanooga, Tennessee",view,792987.0
ASTH,"Astrana Health, Inc.",Health Care,Health Care Facilities,"Alhambra, California",view,1083446.0
ATEN,"A10 Networks, Inc.",Information Technology,Systems Software,"San Jose, California",view,1580808.0
ATMU,Atmus Filtration Technologies Inc.,Industrials,Industrial Machinery & Supplies & Components,"Nashville, Tennessee",view,1921963.0
AUB,"Atlantic Union Bankshares, Corp.",Financials,Regional Banks,"Richmond, Virginia",view,883948.0
AVA,Avista Corporation,Utilities,Multi-Utilities,"Spokane, Washington",view,104918.0
AVNS,"Avanos Medical, Inc.",Health Care,Health Care Supplies,"Alpharetta, Georgia",view,1606498.0
AWI,"Armstrong World Industries, Inc.",Industrials,Building Products,"Lancaster, Pennsylvania",view,7431.0
AWR,American States Water Company,Utilities,Water Utilities,"San Dimas, California",view,1056903.0
AX,"Axos Financial, Inc.",Financials,Regional Banks,"Las Vegas, Nevada",view,1299709.0
AZTA,"Azenta, Inc.",Health Care,Life Sciences Tools & Services,"Chelmsford, Massachusetts",view,933974.0
AZZ,"AZZ, Inc.",Industrials,Heavy Electrical Equipment,"Fort Worth, Texas",view,8947.0
BANC,"Banc Of California, Inc.",Financials,Regional Banks,"Santa Ana, California",view,1169770.0
BANF,Bancfirst Corp,Financials,Regional Banks,"Oklahoma City, Oklahoma",view,760498.0
BANR,Banner Corporation,Financials,Regional Banks,"Walla Walla, Washington",view,946673.0
BBT,Beacon Financial Corp.,Financials,Regional Banks,"Boston, Massachusetts",view,1108134.0
BCC,Boise Cascade,Industrials,Building Products,"Boise, Idaho",view,1328581.0
BCPC,Balchem Corporation,Materials,Specialty Chemicals,"Montvale, New Jersey",view,9326.0
BFAM,Bright Horizons Family Solutions Inc.,Consumer Discretionary,Specialized Consumer Services,"Newton, Massachusetts",view,1437578.0
BFH,"Bread Financial Holdings, Inc.",Financials,Consumer Finance,"Columbus, Ohio",view,1101215.0
BFS,"Saul Centers, Inc.",Real Estate,Retail REITs,"Bethesda, Maryland",view,907254.0
BGC,"BGC Group, Inc.",Financials,Investment Banking & Brokerage,"New York City, New York",view,1094831.0
BHE,"Benchmark Electronics, Inc.",Information Technology,Electronic Manufacturing Services,"Tempe, Arizona",view,863436.0
BJRI,"BJ's Restaurants, Inc.",Consumer Discretionary,Restaurants,"Huntington Beach, California",view,1013488.0
BKE,"The Buckle, Inc.",Consumer Discretionary,Apparel Retail,"Kearney, Nebraska",view,885245.0
BKU,"BankUnited, Inc.",Financials,Regional Banks,"Miami Lakes, Florida",view,1504008.0
BL,"BlackLine Systems, Inc.",Information Technology,Application Software,"Los Angeles, California",view,1666134.0
BLFS,"BioLife Solutions, Inc.",Health Care,Health Care Supplies,"Bothell, Washington",view,834365.0
BLKB,Blackbaud,Information Technology,Application Software,"Charleston, South Carolina",view,1280058.0
BMI,"Badger Meter, Inc.",Information Technology,Electronic Equipment & Instruments,"Milwaukee, Wisconsin",view,9092.0
BNL,"Broadstone Net Lease, Inc.",Real Estate,Industrial REITs,"Victor, New York",view,1424182.0
BOH,Bank of Hawaii,Financials,Regional Banks,"Honolulu, Hawaii",view,46195.0
BOOT,"Boot Barn Holdings, Inc.",Consumer Discretionary,Apparel Retail,"Irvine, California",view,1610250.0
BOX,"Box, Inc.",Information Technology,Application Software,"Redwood City, California",view,1372612.0
BRC,Brady Corporation,Industrials,Commercial Printing,"Milwaukee, Wisconsin",view,746598.0
BTSG,"BrightSpring Health Services, Inc.",Health Care,Health Care Services,"Louisville, Kentucky",view,1865782.0
BTU,"Peabody Energy, Inc.",Energy,Coal & Consumable Fuels,"St. Louis, Missouri",view,1064728.0
BXMT,"Blackstone Mortgage Trust, Inc.",Financials,Mortgage REITs,"New York City, New York",view,1061630.0
CACC,Credit Acceptance,Financials,Specialized Finance,"Southfield, Michigan",view,885550.0
CAG,Conagra Brands,Consumer Staples,Packaged Foods & Meats,"Chicago, Illinois",view,23217.0
CAKE,"The Cheesecake Factory, Inc.",Consumer Discretionary,Restaurants,"Calabasas, California",view,887596.0
CALM,"Cal-Maine Foods, Inc.",Consumer Staples,Packaged Foods & Meats,"Jackson, Mississippi",view,16160.0
CALX,Calix,Information Technology,Application Software,"San Jose, California",view,1406666.0
CALY,Callaway Golf Company,Consumer Discretionary,Leisure Products,"Carlsbad, California",view,837465.0
CARG,CarGurus,Communication Services,Interactive Media & Services,"Cambridge, Massachusetts",view,1494259.0
CASH,"Pathward Financial, Inc.",Financials,Regional Banks,"Sioux Falls, South Dakota",view,907471.0
CATY,Cathay General Bancorp,Financials,Regional Banks,"Los Angeles, California",view,861842.0
CBRL,Cracker Barrel,Consumer Discretionary,Restaurants,"Lebanon, Tennessee",view,1067294.0
CBU,"Community Bank System, Inc.",Financials,Regional Banks,"DeWitt, New York",view,723188.0
CC,Chemours,Materials,Diversified Chemicals,"Wilmington, Delaware",view,1627223.0
CCOI,"Cogent Communications Holdings, Inc.",Communication Services,Alternative Carriers,"Washington, D.C.",view,1158324.0
CCS,"Century Communities, Inc.",Consumer Discretionary,Homebuilding,"Greenwood Village, Colorado",view,1576940.0
CE,Celanese,Materials,Specialty Chemicals,"Irving, Texas",view,1306830.0
CENT,Central Garden & Pet Company,Consumer Staples,Household Products,"Walnut Creek, California",view,887733.0
CENTA,Central Garden & Pet Company (Class A),Consumer Staples,Household Products,"Walnut Creek, California",view,887733.0
CENX,Century Aluminum Company,Materials,Aluminum,"Chicago, Illinois",view,949157.0
CERT,"Certara, Inc.",Health Care,Health Care Technology,"Princeton, New Jersey",view,1827090.0
CFFN,Capitol Federal Savings Bank,Financials,Regional Banks,"Topeka, Kansas",view,1490906.0
CHCO,City Holding Company,Financials,Regional Banks,"Charleston, West Virginia",view,726854.0
CHEF,"Chefs' Warehouse, Inc.",Consumer Staples,Food Distributors,"Ridgefield, Connecticut",view,1517175.0
CLSK,"CleanSpark, Inc.",Information Technology,Internet Services & Infrastructure,"Henderson, Nevada",view,827876.0
CNK,"Cinemark Holdings, Inc.",Communication Services,Movies & Entertainment,"Plano, Texas",view,1385280.0
CNMD,CONMED Corporation,Health Care,Health Care Equipment,"Largo, Florida",view,816956.0
CNR,"Core Natural Resources, Inc.",Energy,Coal & Consumable Fuels,"Cecil Township, Pennsylvania",view,1710366.0
CNS,"Cohen & Steers, Inc.",Financials,Asset Management & Custody Banks,"New York City, New York",view,1284812.0
CNXC,Concentrix,Industrials,Data Processing & Outsourced Services,"Newark, California",view,1803599.0
CNXN,"PC Connection, Inc.",Information Technology,Technology Distributors,"Merrimack, New Hampshire",view,1050377.0
COCO,The Vita Coco Company,Consumer Staples,Soft Drinks & Non-alcoholic Beverages,"New York City, New York",view,1482981.0
COHU,"Cohu, Inc.",Information Technology,Semiconductor Materials & Equipment,"Poway, California",view,21535.0
COLL,"Collegium Pharmaceutical, Inc.",Health Care,Pharmaceuticals,"Stoughton, Massachusetts",view,1267565.0
CON,"Concentra Group Holdings Parent, Inc.",Health Care,Health Care Services,"Mechanicsburg, Pennsylvania",view,2014596.0
CORT,Corcept Therapeutics Incorporated,Health Care,Pharmaceuticals,"Menlo Park, California",view,1088856.0
COTY,Coty,Consumer Staples,Personal Care Products,"New York City, New York",view,1024305.0
CPB,The Campbell's Company,Consumer Staples,Packaged Foods & Meats,"Camden, New Jersey",0000016732,
CPF,Central Pacific Financial Corp.,Financials,Regional Banks,"Honolulu, Hawaii",view,701347.0
CPK,Chesapeake Utilities Corp.,Utilities,Gas Utilities,"Dover, Delaware",view,19745.0
CPRX,"Catalyst Pharmaceuticals Partners, Inc.",Health Care,Biotechnology,"Coral Gables, Florida",view,1369568.0
CRC,California Resources Corporation,Energy,Oil & Gas Exploration & Production,"Los Angeles, California",view,1609253.0
CRGY,Crescent Energy Company,Energy,Oil & Gas Exploration & Production,"Houston, Texas",view,1866175.0
CRI,"Carter's, Inc.",Consumer Discretionary,"Apparel, Accessories & Luxury Goods","Atlanta, Georgia",view,1060822.0
CRK,"Comstock Resources, Inc.",Energy,Oil & Gas Exploration & Production,"Frisco, Texas",view,23194.0
CRSR,Corsair Gaming,Information Technology,"Technology Hardware, Storage & Peripherals","Milpitas, California",view,1743759.0
CRVL,CorVel Corporation,Health Care,Health Care Services,"Irvine, California",view,874866.0
CSR,Centerspace Trust,Real Estate,Multi-Family Residential REITs,"Minot, North Dakota",view,798359.0
CSW,"CSW Industrials, Inc.",Industrials,Industrial Conglomerates,"Dallas, Texas",view,1624794.0
CTS,CTS Corporation,Information Technology,Electronic Manufacturing Services,"Lisle, Illinois",view,26058.0
CUBI,"Customers Bancorp, Inc.",Financials,Regional Banks,"Reading, Pennsylvania",view,1488813.0
CURB,Curbline Properties Corp.,Real Estate,Retail REITs,"New York City, New York",view,2027317.0
CVBF,CVB Financial Corp.,Financials,Regional Banks,"Ontario, California",view,354647.0
CVCO,"Cavco Industries, Inc.",Consumer Discretionary,Homebuilding,"Phoenix, Arizona",view,278166.0
CVI,"CVR Energy, Inc.",Energy,Oil & Gas Refining & Marketing,"Sugar Land, Texas",view,1376139.0
CVSA,Covista Inc.,Consumer Discretionary,Education Services,"Chicago, Illinois",view,730464.0
CWEN,"Clearway Energy, Inc. (Class C)",Utilities,Renewable Electricity,"Princeton, New Jersey",view,1567683.0
CWEN-A,"Clearway Energy, Inc. (Class A)",Utilities,Renewable Electricity,"Princeton, New Jersey",view,1567683.0
CWK,Cushman & Wakefield plc,Real Estate,Real Estate Services,"Chicago, Illinois",view,1628369.0
CWST,"Casella Waste Systems, Inc.",Industrials,Environmental & Facilities Services,"Rutland, Vermont",view,911177.0
CWT,California Water Service Group,Utilities,Water Utilities,"San Jose, California",view,1035201.0
CXM,"Sprinklr, Inc.",Information Technology,Application Software,"New York City, New York",view,1569345.0
CXW,CoreCivic,Industrials,Diversified Support Services,"Brentwood, Tennessee",view,1070985.0
CZR,Caesars Entertainment,Consumer Discretionary,Casinos & Gaming,"Reno, Nevada",view,1590895.0
DAN,Dana Incorporated,Consumer Discretionary,Automotive Parts & Equipment,"Maumee, Ohio",view,26780.0
DAVE,"Dave, Inc.",Financials,Consumer Finance,"Los Angeles, California",view,1841408.0
DBD,Diebold Nixdorf,Information Technology,Electronic Equipment & Instruments,"North Canton, Ohio",view,28823.0
DCH,Dauch Corporation,Consumer Discretionary,Automotive Parts & Equipment,"Detroit, Michigan",view,1062231.0
DCOM,"Dime Community Bancshares, Inc.",Financials,Regional Banks,"Hauppauge, New York",view,846617.0
DEA,"Easterly Government Properties, Inc.",Real Estate,Office REITs,"Washington, D.C.",view,1622194.0
DEI,Douglas Emmett,Real Estate,Office REITs,"Santa Monica, California",view,1364250.0
DFH,"Dream Finders Homes, Inc.",Consumer Discretionary,Homebuilding,"Jacksonville, Florida",view,1825088.0
DFIN,"Donnelley Financial Solutions, Inc.",Financials,Financial Exchanges & Data,"Chicago, Illinois",view,1669811.0
DGII,Digi International Inc.,Information Technology,Communications Equipment,"Hopkins, Minnesota",view,854775.0
DIOD,Diodes Incorporated,Information Technology,Semiconductors,"Plano, Texas",view,29002.0
DLX,Deluxe Corporation,Industrials,Commercial Printing,"Minneapolis, Minnesota",view,27996.0
DNOW,NOW Inc,Industrials,Trading Companies & Distributors,"Houston, Texas",view,1599617.0
DORM,"Dorman Products, Inc.",Consumer Discretionary,Automotive Parts & Equipment,"Colmar, Pennsylvania",view,868780.0
DRH,DiamondRock Hospitality Company,Real Estate,Hotel & Resort REITs,"Bethesda, Maryland",view,1298946.0
DV,"DoubleVerify Holdings, Inc.",Communication Services,Advertising,"New York City, New York",view,1819928.0
DXC,DXC Technology,Information Technology,IT Consulting & Other Services,"Ashburn, Virginia",view,1688568.0
DXPE,"DXP Enterprises, Inc.",Industrials,Trading Companies & Distributors,"Houston, Texas",view,1020710.0
EAT,"Brinker International, Inc.",Consumer Discretionary,Restaurants,"Dallas, Texas",view,703351.0
EBC,"Eastern Bankshares, Inc.",Financials,Regional Banks,"Boston, Massachusetts",view,1810546.0
ECG,"Everus Construction Group, Inc.",Industrials,Construction & Engineering,"Bismarck, North Dakota",view,2015845.0
ECPG,"Encore Capital Group, Inc.",Financials,Consumer Finance,"San Diego, California",view,1084961.0
EFC,"Ellington Financial, Inc.",Financials,Specialized Finance,"Greenwich, Connecticut",view,1411342.0
EFOR,Everforth Inc.,Information Technology,IT Consulting & Other Services,"Glen Allen, Virginia",view,890564.0
EGBN,Eagle Bancorp Inc,Financials,Regional Banks,"Bethesda, Maryland",view,1050441.0
EIG,"Employers Holdings, Inc.",Financials,Property & Casualty Insurance,"Henderson, Nevada",view,1379041.0
EMN,Eastman Chemical Company,Materials,Specialty Chemicals,"Kingsport, Tennessee",view,915389.0
ENOV,Enovis,Health Care,Health Care Equipment,"Wilmington, Delaware",view,1420800.0
ENPH,Enphase Energy,Information Technology,Semiconductor Materials & Equipment,"Fremont, California",view,1463101.0
ENR,Energizer,Consumer Staples,Household Products,"St. Louis, Missouri",view,1632790.0
ENVA,"Enova International, Inc.",Financials,Consumer Finance,"Chicago, Illinois",view,1529864.0
EPAC,Enerpac Tool Group,Industrials,Industrial Machinery & Supplies & Components,"Menomonee Falls, Wisconsin",view,6955.0
EPAM,EPAM Systems,Information Technology,IT Consulting & Other Services,"Newtown, Pennsylvania",view,1352010.0
EPC,Edgewell Personal Care,Consumer Staples,Household Products,"Shelton, Connecticut",view,1096752.0
EPRT,"Essential Properties Realty Trust, Inc.",Real Estate,Diversified REITs,"Princeton, New Jersey",view,1728951.0
ESE,ESCO Technologies Inc.,Industrials,Industrial Machinery & Supplies & Components,"St. Louis, Missouri",view,866706.0
ESI,Element Solutions,Materials,Specialty Chemicals,"Fort Lauderdale, Florida",view,1590714.0
ETSY,Etsy,Consumer Discretionary,Broadline Retail,"New York City, New York",view,1370637.0
EVTC,"EVERTEC, Inc.",Financials,Transaction & Payment Processing Services,"San Juan, Puerto Rico",view,1559865.0
EXTR,"Extreme Networks, Inc.",Information Technology,Communications Equipment,"Morrisville, North Carolina",view,1078271.0
EYE,National Vision Holdings,Consumer Discretionary,Specialty Stores,"Duluth, Georgia",view,1710155.0
EZPW,"EZCORP, Inc.",Financials,Consumer Finance,"Austin, Texas",view,876523.0
FA,First Advantage Corporation,Industrials,Human Resource & Employment Services,"Atlanta, Georgia",view,1649749.0
FBK,FB Financial Corp.,Financials,Regional Banks,"Nashville, Tennessee",view,1649749.0
FBNC,First Bancorp (Southern Pines NC),Financials,Regional Banks,"Southern Pines, North Carolina",view,811589.0
FBP,First BanCorp (Puerto Rico),Financials,Regional Banks,"San Juan, Puerto Rico",view,1057706.0
FBRT,"Franklin BSP Realty Trust, Inc.",Real Estate,Mortgage REITs,"New York City, New York",view,1562528.0
FCF,"First Commonwealth Financial, Corp.",Financials,Regional Banks,"Indiana, Pennsylvania",view,712537.0
FCPT,"Four Corners Property Trust, Inc.",Real Estate,Other Specialized REITs,"Mill Valley, California",view,1650132.0
DMC,Del Monte Corporation,Consumer Staples,Packaged Foods & Meats,"Coral Gables, Florida",view,1047340.0
FELE,Franklin Electric,Industrials,Industrial Machinery & Supplies & Components,"Fort Wayne, Indiana",view,38725.0
FFBC,First Financial Bancorp,Financials,Regional Banks,"Cincinnati, Ohio",view,708955.0
FG,"F&G Annuities & Life, Inc.",Financials,Life & Health Insurance,"Des Moines, Iowa",view,1934850.0
FHB,"First Hawaiian, Inc.",Financials,Regional Banks,"Honolulu, Hawaii",view,36377.0
FIBK,"First Interstate BancSystem, Inc.",Financials,Regional Banks,"Billings, Montana",view,860413.0
FIZZ,National Beverage Corp.,Consumer Staples,Soft Drinks & Non-alcoholic Beverages,"Fort Lauderdale, Florida",view,69891.0
FLO,Flowers Foods,Consumer Staples,Packaged Foods & Meats,"Thomasville, Georgia",view,1128928.0
FMC,FMC Corporation,Materials,Fertilizers & Agricultural Chemicals,"Philadelphia, Pennsylvania",view,37785.0
FORM,"FormFactor, Inc.",Information Technology,Semiconductor Materials & Equipment,"Livermore, California",view,1039399.0
FOXF,Fox Factory,Consumer Discretionary,Automotive Parts & Equipment,"Duluth, Georgia",view,1424929.0
FRPT,Freshpet,Consumer Staples,Packaged Foods & Meats,"Bedminster, New Jersey",view,1611647.0
FSS,Federal Signal Corporation,Industrials,Construction Machinery & Heavy Transportation Equipment,"Oak Brook, Illinois",view,277509.0
FTDR,"Frontdoor, Inc.",Consumer Discretionary,Specialized Consumer Services,"Memphis, Tennessee",view,1727263.0
FTRE,Fortrea,Health Care,Biotechnology,"Durham, North Carolina",view,1965040.0
FUL,H.B. Fuller Company,Materials,Specialty Chemicals,"Vadnais Heights, Minnesota",view,39368.0
FULT,Fulton Financial Corporation,Financials,Regional Banks,"Lancaster, Pennsylvania",view,700564.0
FUN,Six Flags,Consumer Discretionary,Leisure Facilities,"Charlotte, North Carolina",view,1999001.0
GBX,"The Greenbrier Companies, Inc.",Industrials,Construction Machinery & Heavy Transportation Equipment,"Lake Oswego, Oregon",view,923120.0
GEO,"GEO Group, Inc.",Industrials,Environmental & Facilities Services,"Boca Raton, Florida",view,923796.0
GFF,Griffon Corporation,Industrials,Building Products,"New York City, New York",view,50725.0
GIII,"G-III Apparel Group, Ltd.",Consumer Discretionary,"Apparel, Accessories & Luxury Goods","New York City, New York",view,821002.0
GKOS,Glaukos Corp.,Health Care,Health Care Equipment,"San Clemente, California",view,1192448.0
GNL,"Global Net Lease, Inc.",Real Estate,Diversified REITs,"New York City, New York",view,1526113.0
GNW,"Genworth Financial, Inc.",Financials,Multi-line Insurance,"Henrico County, Virginia",view,1276520.0
GO,Grocery Outlet,Consumer Staples,Food Retail,"Emeryville, California",view,1771515.0
GOLF,Acushnet Company,Consumer Discretionary,Leisure Products,"Fairhaven, Massachusetts",view,1672013.0
GPI,"Group 1 Automotive, Inc.",Consumer Discretionary,Automotive Retail,"Houston, Texas",view,1031203.0
GPOR,Gulfport Energy Corporation,Energy,Oil & Gas Exploration & Production,"Oklahoma City, Oklahoma",view,874499.0
GRBK,"Green Brick Partners, Inc.",Consumer Discretionary,Homebuilding,"Plano, Texas",view,1373670.0
GSHD,"Goosehead Insurance, Inc.",Financials,Insurance Brokers,"Westlake, Texas",view,1726978.0
GT,Goodyear Tire and Rubber Company,Consumer Discretionary,Tires & Rubber,"Akron, Ohio",view,42582.0
GTES,Gates Corporation,Industrials,Industrial Machinery & Supplies & Components,"Denver, Colorado",view,1718512.0
GTM,ZoomInfo,Communication Services,Interactive Media & Services,"Vancouver, Washington",view,1794515.0
GTY,Getty Realty Corp.,Real Estate,Retail REITs,"New York City, New York",view,1052752.0
GVA,"Granite Construction, Inc.",Industrials,Construction & Engineering,"Watsonville, California",view,861459.0
HAFC,Hanmi Financial Corporation,Financials,Regional Banks,"Los Angeles, California",view,1109242.0
HASI,"Hannon Armstrong Sustainable Infrastructure Capital, Inc.",Financials,Specialized Finance,"Annapolis, Maryland",view,1561894.0
HAYW,"Hayward Holdings, Inc.",Industrials,Electrical Components & Equipment,"Charlotte, North Carolina",view,1834622.0
HCC,"Warrior Met Coal, Inc.",Materials,Steel,"Brookwood, Alabama",view,1691303.0
HCI,"HCI Group, Inc.",Financials,Property & Casualty Insurance,"Tampa, Florida",view,1400810.0
HCSG,"Healthcare Services Group, Inc.",Industrials,Environmental & Facilities Services,"Bensalem Township, Pennsylvania",view,731012.0
HE,"Hawaiian Electric Industries, Inc.",Utilities,Electric Utilities,"Honolulu, Hawaii",view,354707.0
HFWA,Heritage Financial Corporation,Health Care,Regional Banks,"Olympia, Washington",view,1046025.0
HIW,Highwoods Properties,Real Estate,Office REITs,"Raleigh, North Carolina",view,921082.0
HLIT,Harmonic Inc.,Information Technology,Communications Equipment,"San Jose, California",view,851310.0
HLX,"Helix Energy Solutions Group, Inc.",Energy,Oil & Gas Equipment & Services,"Houston, Texas",view,866829.0
HMN,Horace Mann Educators Corporation,Financials,Multi-line Insurance,"Springfield, Illinois",view,850141.0
HNI,HNI Corporation,Industrials,Office Services & Supplies,"Muscatine, Iowa",view,48287.0
HOPE,"Hope Bancorp, Inc.",Financials,Regional Banks,"Los Angeles, California",view,1128361.0
HP,"Helmerich & Payne, Inc.",Energy,Oil & Gas Drilling,"Tulsa, Oklahoma",view,46765.0
HRMY,"Harmony Biosciences Holdings, Inc.",Health Care,Biotechnology,"Plymouth Meeting, Pennsylvania",view,1802665.0
HSTM,"HealthStream, Inc.",Health Care,Health Care Technology,"Nashville, Tennessee",view,1095565.0
HTH,Hilltop Holdings Inc.,Financials,Regional Banks,"Dallas, Texas",view,1265131.0
HTLD,"Heartland Express, Inc.",Industrials,Cargo Ground Transportation,"North Liberty, Iowa",view,799233.0
HTO,H2O America,Utilities,Water Utilities,"San Jose, California",view,766829.0
HTZ,Hertz,Industrials,Passenger Ground Transportation,"Estero, Florida",view,1657853.0
HUBG,"Hub Group, Inc.",Industrials,Air Freight & Logistics,"Oak Brook, Illinois",view,940942.0
HWKN,"Hawkins, Inc.",Materials,Commodity Chemicals,"Roseville, Minnesota",view,46250.0
HZO,"MarineMax, Inc.",Consumer Discretionary,Specialty Stores,"Clearwater, Florida",view,1057060.0
IART,Integra Lifesciences Holdings,Health Care,Health Care Equipment,"Princeton, New Jersey",view,917520.0
IBP,"Installed Building Products, Inc.",Consumer Discretionary,Homebuilding,"Columbus, Ohio",view,1580905.0
ICHR,"Ichor Holdings, Ltd.",Information Technology,Semiconductor Materials & Equipment,"Fremont, California",view,1652535.0
ICUI,ICU Medical,Health Care,Health Care Supplies,"San Clemente, California",view,883984.0
IIPR,"Innovative Industrial Properties, Inc.",Real Estate,Industrial REITs,"Park City, Utah",view,1677576.0
INDB,Independent Bank Corp.,Financials,Regional Banks,"Rockland, Massachusetts",view,776901.0
INDV,Indivior,Health Care,Pharmaceuticals,"Chesterfield County, Virginia",view,1625297.0
INSP,"Inspire Medical Systems, Inc.",Health Care,Health Care Equipment,"Golden Valley, Minnesota",view,1609550.0
INSW,"International Seaways, Inc.",Energy,Oil & Gas Storage & Transportation,"New York City, New York",view,1679049.0
INVA,"Innoviva, Inc.",Health Care,Pharmaceuticals,"Burlingame, California",view,1080014.0
INVX,"Innovex International, Inc.",Energy,Oil & Gas Equipment & Services,"Houston, Texas",view,1042893.0
IOSP,"Innospec, Inc.",Materials,Specialty Chemicals,"Englewood, Colorado",view,1054905.0
IPAR,"Inter Parfums, Inc.",Consumer Staples,Household Products,"New York City, New York",view,822663.0
IRDM,Iridium Communications,Communication Services,Alternative Carriers,"McLean, Virginia",view,1418819.0
ITGR,Integer Holdings Corporation,Health Care,Health Care Equipment,"Plano, Texas",view,1114483.0
ITRI,"Itron, Inc.",Information Technology,Electronic Equipment & Instruments,"Liberty Lake, Washington",view,780571.0
IVT,InvenTrust Properties,Real Estate,Retail REITs,"Downers Grove, Illinois",view,1307748.0
JBGS,JBG Smith,Real Estate,Office REITs,"Bethesda, Maryland",view,1689796.0
JBLU,JetBlue,Industrials,Passenger Airlines,"Long Island City, New York",view,1158463.0
JBSS,"John B. Sanfilippo & Son, Inc.",Consumer Staples,Packaged Foods & Meats,"Elgin, Illinois",view,880117.0
JBTM,JBT Marel Corporation,Industrials,Industrial Machinery & Supplies & Components,"Chicago, Illinois",view,1433660.0
JJSF,J&J Snack Foods Corp.,Consumer Staples,Packaged Foods & Meats,"Pennsauken Township, New Jersey",view,785956.0
JOE,St. Joe Company,Real Estate,Real Estate Development,"Panama City Beach, Florida",view,745308.0
JXN,"Jackson Financial, Inc.",Financials,Life & Health Insurance,"Lansing, Michigan",view,1822993.0
KAI,Kadant Inc.,Industrials,Industrial Machinery & Supplies & Components,"Westford, Massachusetts",view,886346.0
KALU,Kaiser Aluminum Corporation,Materials,Aluminum,"Franklin, Tennessee",view,811596.0
OPLN,"OPENLANE, Inc.",Industrials,Diversified Support Services,"Carmel, Indiana",view,1395942.0
KFY,Korn/Ferry International,Industrials,Human Resource & Employment Services,"Los Angeles, California",view,56679.0
KGS,"Kodiak Gas Services, Inc.",Energy,Oil & Gas Equipment & Services,"The Woodlands, Texas",view,1767042.0
KLIC,"Kulicke and Soffa Industries, Inc.",Information Technology,Semiconductor Materials & Equipment,"Serangoon, North-East Region, Singapore",view,56978.0
KMPR,Kemper Corporation,Financials,Multi-line Insurance,"Chicago, Illinois",view,860748.0
KMT,Kennametal,Industrials,Industrial Machinery & Supplies & Components,"Pittsburgh, Pennsylvania",view,55242.0
KMX,"CarMax, Inc.",Consumer Discretionary,Automotive Retail,"Richmond, Virginia",view,1170010.0
KN,Knowles Corporation,Information Technology,Electronic Components,"Itasca, Illinois",view,1587523.0
KNTK,"Kinetik Holdings, Inc.",Energy,Oil & Gas Storage & Transportation,"Midland, Texas",view,1692787.0
KOP,"Koppers Holdings, Inc.",Materials,Commodity Chemicals,"Pittsburgh, Pennsylvania",view,1315257.0
KRYS,"Krystal Biotech, Inc.",Health Care,Biotechnology,"Pittsburgh, Pennsylvania",view,1711279.0
KSS,Kohl's Corp.,Consumer Discretionary,Broadline Retail,"Menomonee Falls, Wisconsin",view,885639.0
KTB,Kontoor Brands,Consumer Discretionary,"Apparel, Accessories & Luxury Goods","Greensboro, North Carolina",view,1760965.0
KWR,Quaker Chemical Corporation,Materials,Specialty Chemicals,"Conshohocken, Pennsylvania",view,81362.0
LAUR,"Laureate Education, Inc.",Consumer Discretionary,Education Services,"Miami, Florida",view,912766.0
LAZ,Lazard,Financials,Diversified Capital Markets,"New York City, New York",view,1311370.0
LBRT,"Liberty Energy, Inc.",Energy,Oil & Gas Equipment & Services,"Denver, Colorado",view,1694028.0
LCII,LCI Industries,Consumer Discretionary,Automotive Parts & Equipment,"Elkhart, Indiana",view,763744.0
LEG,Leggett & Platt,Consumer Discretionary,Home Furnishings,"Carthage, Missouri",view,58492.0
LFST,Lifestance Health,Health Care,Health Care Services,"Scottsdale, Arizona",view,1845257.0
LGIH,LGI Homes,Consumer Discretionary,Homebuilding,"The Woodlands, Texas",view,1580670.0
LIF,Life360,Information Technology,Application Software,"San Mateo, California",view,1581760.0
LGND,"Ligand Pharmaceuticals, Inc.",Health Care,Biotechnology,"San Diego, California",view,886163.0
LKFN,Lakeland Financial,Financials,Regional Banks,"Warsaw, Indiana",view,721994.0
LKQ,LKQ Corporation,Consumer Discretionary,Distributors,"Nashville, Tennessee",view,1065696.0
LMAT,LeMaitre Vascular,Health Care,Health Care Equipment,"Burlington, Massachusetts",view,1158895.0
LNC,Lincoln Financial,Financials,Multi-line Insurance,"Radnor, Pennsylvania",view,59558.0
LNN,Lindsay Corporation,Materials,Agricultural & Farm Machinery,"Omaha, Nebraska",view,836157.0
LPG,Dorian LPG Ltd.,Energy,Oil & Gas Storage & Transportation,"Stamford, Connecticut",view,1596993.0
LQDA,Liquidia Corporation,Health Care,Pharmaceuticals,"Morrisville, North Carolina",view,1819576.0
LQDT,"Liquidity Services, Inc.",Industrials,Diversified Support Services,"Bethesda, Maryland",view,1235468.0
LRN,"Stride, Inc.",Consumer Discretionary,Education Services,"Herndon, Virginia",view,1157408.0
LTC,"LTC Properties, Inc.",Real Estate,Health Care REITs,"Westlake Village, California",view,887905.0
LTH,"Life Time Group Holdings, Inc.",Consumer Discretionary,Leisure Facilities,"Chanhassen, Minnesota",view,1869198.0
LUMN,Lumen Technologies,Communication Services,Alternative Carriers,"Monroe, Louisiana",view,18926.0
LW,Lamb Weston,Consumer Staples,Packaged Foods & Meats,"Eagle, Idaho",view,1679273.0
LXP,Lexington Realty Trust,Real Estate,Diversified REITs,"New York City, New York",view,910108.0
LYFT,"Lyft, Inc.",Industrials,Passenger Ground Transportation,"San Francisco, California",view,1759509.0
LZ,"LegalZoom.com, Inc.",Industrials,Research & Consulting Services,"Mountain View, California",view,1286139.0
LZB,"La-Z-Boy, Inc.",Consumer Discretionary,Home Furnishings,"Monroe, Michigan",view,57131.0
MAC,Macerich,Real Estate,Retail REITs,"Santa Monica, California",view,912242.0
MAN,ManpowerGroup,Industrials,Human Resource & Employment Services,"Milwaukee, Wisconsin",view,871763.0
MARA,"MARA Holdings, Inc.",Information Technology,Internet Services & Infrastructure,"Fort Lauderdale, Florida",view,1507605.0
MATW,Matthews International Corporation,Consumer Discretionary,Specialized Consumer Services,"Pittsburgh, Pennsylvania",view,63296.0
MATX,"Matson, Inc.",Industrials,Marine Transportation,"Honolulu, Hawaii",view,3453.0
MBC,"MasterBrand, Inc.",Industrials,Building Products,"Jasper, Indiana",view,1941365.0
MBGL,"Mobility Global, Inc.",Industrials,Data Processing & Outsourced Services,"New York City, New York",view,2090312.0
MBIN,Merchants Bancorp,Financials,Regional Banks,"Carmel, Indiana",view,1629019.0
MC,Moelis & Company,Financials,Investment Banking & Brokerage,"New York City, New York",view,1596967.0
MCRI,"Monarch Casino & Resort, Inc.",Consumer Discretionary,Casinos & Gaming,"Reno, Nevada",view,907242.0
MCY,Mercury General,Financials,Property & Casualty Insurance,"Los Angeles, California",view,64996.0
MD,Pediatrix Medical Group,Health Care,Health Care Services,"Sunrise, Florida",view,893949.0
MDU,"MDU Resources Group, Inc.",Utilities,Multi-Utilities,"Bismarck, North Dakota",view,67716.0
MFP,"Midera Food Processing, Inc.",Industrials,Industrial Machinery & Supplies & Components,"Elgin, Illinois",view,2088281.0
MGEE,"MGE Energy, Inc.",Utilities,Electric Utilities,"Madison, Wisconsin",view,1161728.0
MGY,"Magnolia Oil & Gas, Corp.",Energy,Oil & Gas Exploration & Production,"Houston, Texas",view,1698990.0
MHK,Mohawk Industries,Consumer Discretionary,Home Furnishings,"Calhoun, Georgia",view,851968.0
MHO,"M/I Homes, Inc.",Consumer Discretionary,Homebuilding,"Columbus, Ohio",view,799292.0
MIR,"Mirion Technologies, Inc.",Information Technology,Electronic Equipment & Instruments,"Atlanta, Georgia",view,1809987.0
MKTX,MarketAxess,Financials,Financial Exchanges & Data,"New York City, New York",view,1278021.0
MLKN,"MillerKnoll, Inc.",Industrials,Office Services & Supplies,"Zeeland, Michigan",view,66382.0
MMI,"Marcus & Millichap, Inc.",Real Estate,Real Estate Services,"Calabasas, California",view,1578732.0
MMSI,"Merit Medical Systems, Inc.",Health Care,Health Care Supplies,"South Jordan, Utah",view,856982.0
MOH,Molina Healthcare,Health Care,Managed Health Care,"Long Beach, California",view,1179929.0
MPT,Medical Properties Trust,Real Estate,Health Care REITs,"Birmingham, Alabama",view,1287865.0
MRCY,Mercury Systems,Industrials,Electrical Components & Equipment,"Andover, Massachusetts",view,1049521.0
MRP,"Millrose Properties, Inc.",Real Estate,Single-Family Residential REITs,"Chevy Chase, Maryland",view,2017206.0
MRTN,"Marten Transport, Ltd.",Industrials,Cargo Ground Transportation,"Mondovi, Wisconsin",view,799167.0
MSEX,Middlesex Water Company,Utilities,Water Utilities,"Iselin, New Jersey",view,66004.0
MSGS,Madison Square Garden Sports Corp.,Communication Services,Movies & Entertainment,"New York City, New York",view,1636519.0
MTCH,Match Group,Communication Services,Interactive Media & Services,"Dallas, Texas",view,891103.0
MTH,Meritage Homes Corporation,Consumer Discretionary,Homebuilding,"Scottsdale, Arizona",view,833079.0
MTRN,Materion Corp.,Materials,Diversified Metals & Mining,"Mayfield Heights, Ohio",view,1104657.0
MTUS,Metallus Inc,Materials,Steel,"Canton, Ohio",view,1598428.0
MTX,Minerals Technologies,Materials,Specialty Chemicals,"New York City, New York",view,891014.0
MWA,Mueller Water Products,Industrials,Industrial Machinery & Supplies & Components,"Atlanta, Georgia",view,1350593.0
MXL,"MaxLinear, Inc.",Information Technology,Semiconductors,"Carlsbad, California",view,1288469.0
MYRG,"MYR Group, Inc.",Industrials,Construction & Engineering,"Thornton, Colorado",view,700923.0
NABL,"N-able, Inc.",Information Technology,Systems Software,"Wilmington, Delaware",view,1834488.0
NATL,NCR Atleos,Financials,Transaction & Payment Processing Services,"Atlanta, Georgia",view,1974138.0
NAVI,Navient,Financials,Consumer Finance,"Wilmington, Delaware",view,1593538.0
NBHC,National Bank Holdings Corporation,Financials,Regional Banks,"Greenwood Village, Colorado",view,1475841.0
NBTB,"NBT Bancorp, Inc.",Financials,Regional Banks,"Norwich, New York",view,790359.0
NE,Noble Corporation,Energy,Oil & Gas Drilling,"Houston, Texas",view,72207.0
NEO,"NeoGenomics Laboratories, Inc.",Health Care,Health Care Services,"Fort Myers, Florida",view,1077183.0
NEOG,Neogen,Health Care,Health Care Supplies,"Lansing, Michigan",view,711377.0
NGVT,"Ingevity, Corp.",Materials,Specialty Chemicals,"North Charleston, South Carolina",view,1653477.0
NHC,"National Healthcare, Corp.",Health Care,Health Care Facilities,"Murfreesboro, Tennessee",view,1047335.0
NHI,"National Health Investors, Inc.",Real Estate,Health Care REITs,"Murfreesboro, Tennessee",view,877860.0
NIC,Nicolet Bankshares,Financials,Regional Banks,"Murfreesboro, Tennessee",view,1174850.0
NMIH,"NMI Holdings, Inc.",Financials,Commercial & Residential Mortgage Finance,"Emeryville, California",view,1547903.0
NOG,"Northern Oil and Gas, Inc.",Energy,Oil & Gas Exploration & Production,"Minnetonka, Minnesota",view,1104485.0
NPK,"National Presto Industries, Inc.",Industrials,Aerospace & Defense,"Eau Claire, Wisconsin",view,80172.0
NPO,"EnPro Industries, Inc.",Industrials,Industrial Machinery & Supplies & Components,"Charlotte, North Carolina",view,1164863.0
NSIT,"Insight Enterprises, Inc.",Industrials,Technology Distributors,"Tempe, Arizona",view,932696.0
NSP,Insperity,Industrials,Human Resource & Employment Services,"Houston, Texas",view,1000753.0
NSSC,Napco Security Technologies,Information Technology,Electronic Equipment & Instruments,"Amityville, New York",view,69633.0
NTCT,"NETSCOUT Systems, Inc.",Information Technology,Communications Equipment,"Westford, Massachusetts",view,1078075.0
NTST,NETSTREIT Corp.,Real Estate,Retail REITs,"Dallas, Texas",view,1798100.0
NWBI,"Northwest Bancshares, Inc.",Financials,Regional Banks,"Warren, Pennsylvania",view,1471265.0
NWL,Newell Brands,Consumer Discretionary,Housewares & Specialties,"Atlanta, Georgia",view,814453.0
NWN,NW Natural,Utilities,Gas Utilities,"Portland, Oregon",view,1733998.0
NX,Quanex Building Products Corporation,Industrials,Building Products,"Houston, Texas",view,1423221.0
NXRT,"NexPoint Residential Trust, Inc.",Real Estate,Multi-Family Residential REITs,"Dallas, Texas",view,1620393.0
OFG,OFG Bancorp,Financials,Regional Banks,"San Juan, Puerto Rico",view,1030469.0
OGN,Organon & Co.,Health Care,Pharmaceuticals,"Jersey City, New Jersey",view,1821825.0
OI,"O-I Glass, Inc.",Materials,"Metal, Glass & Plastic Containers","Perrysburg, Ohio",view,812074.0
OII,"Oceaneering International, Inc.",Energy,Oil & Gas Equipment & Services,"Houston, Texas",view,73756.0
OMCL,Omnicell,Health Care,Health Care Technology,"Fort Worth, Texas",view,926326.0
OSIS,"OSI Systems, Inc.",Information Technology,Electronic Equipment & Instruments,"Hawthorne, California",view,1039065.0
OSW,OneSpaWorld Holdings Limited,Consumer Discretionary,Leisure Facilities,"Nassau, Bahamas",view,1758488.0
OTTR,Otter Tail Corporation,Utilities,Electric Utilities,"Fergus Falls, Minnesota",view,1466593.0
OUT,Outfront Media,Real Estate,Other Specialized REITs,"New York City, New York",view,1579877.0
PAHC,Phibro Animal Health,Health Care,Pharmaceuticals,"Teaneck, New Jersey",view,1069899.0
PARR,"Par Pacific Holdings, Inc.",Energy,Oil & Gas Refining & Marketing,"Houston, Texas",view,821483.0
PAYC,Paycom,Industrials,Human Resource & Employment Services,"Oklahoma City, Oklahoma",view,1590955.0
PAYO,Payoneer Global Inc.,Financials,Transaction & Payment Processing Services,"New York City, New York",view,1845815.0
PATK,"Patrick Industries, Inc.",Consumer Discretionary,Automotive Parts & Equipment,"Elkhart, Indiana",view,76605.0
PBH,Prestige Consumer Healthcare,Health Care,Pharmaceuticals,"Tarrytown, New York",view,1295947.0
PBI,"Pitney Bowes, Inc.",Industrials,Office Services & Supplies,"Stamford, Connecticut",view,78814.0
PCRX,"Pacira BioSciences, Inc.",Health Care,Pharmaceuticals,"Tampa, Florida",view,1396814.0
PDFS,"PDF Solutions, Inc.",Information Technology,Semiconductor Materials & Equipment,"Santa Clara, California",view,1120914.0
PEB,Pebblebrook Hotel Trust,Real Estate,Hotel & Resort REITs,"Bethesda, Maryland",view,1474098.0
PECO,Phillips Edison & Company,Real Estate,Retail REITs,"Cincinnati, Ohio",view,1476204.0
PENG,"Penguin Solutions, Inc.",Information Technology,Semiconductors,"Milpitas, California",view,1616533.0
PENN,Penn Entertainment,Consumer Discretionary,Casinos & Gaming,"Wyomissing, Pennsylvania",view,921738.0
PFBC,Preferred Bank,Financials,Regional Banks,"Los Angeles, California",view,1492165.0
PFS,"Provident Financial Services, Inc.",Financials,Regional Banks,"Jersey City, New Jersey",view,1178970.0
PGNY,Progyny,Health Care,Health Care Services,"New York City, New York",view,1551306.0
PHIN,"PHINIA, Inc.",Consumer Discretionary,Automotive Retail,"Auburn Hills, Michigan",view,1968915.0
PI,"Impinj, Inc.",Information Technology,Electronic Equipment & Instruments,"Seattle, Washington",view,1114995.0
PIPR,Piper Sandler Companies,Financials,Investment Banking & Brokerage,"Minneapolis, Minnesota",view,1230245.0
PJT,"PJT Partners, Inc.",Financials,Investment Banking & Brokerage,"New York City, New York",view,1626115.0
PLAB,"Photronics, Inc.",Information Technology,Semiconductor Materials & Equipment,"Brookfield, Connecticut",view,810136.0
PLMR,"Palomar Holdings, Inc.",Financials,Property & Casualty Insurance,"La Jolla, California",view,1761312.0
PLUS,"ePlus, Inc.",Information Technology,Technology Distributors,"Herndon, Virginia",view,1022408.0
PLXS,Plexus Corp.,Information Technology,Electronic Manufacturing Services,"Neenah, Wisconsin",view,785786.0
PMT,PennyMac Mortgage Investment Trust,Real Estate,Mortgage REITs,"Westlake Village, California",view,1464423.0
POOL,Pool Corporation,Consumer Discretionary,Distributors,"Covington, Louisiana",view,945841.0
POWI,Power Integrations,Information Technology,Semiconductors,"San Jose, California",view,833640.0
POWL,"Powell Industries, Inc.",Industrials,Electrical Components & Equipment,"Houston, Texas",view,80420.0
PPLI,People Inc.,Communication Services,Interactive Media & Services,"New York City, New York",view,1800227.0
PRDO,Perdoceo Education Corp.,Consumer Discretionary,Education Services,"Schaumburg, Illinois",view,1046568.0
PRG,"PROG Holdings, Inc.",Financials,Consumer Finance,"Draper, Utah",view,1808834.0
PRGO,Perrigo,Health Care,Pharmaceuticals,"Grand Rapids, Michigan",view,1585364.0
PRGS,Progress Software Corporation,Information Technology,Systems Software,"Burlington, Massachusetts",view,876167.0
PRIM,Primoris Services Corporation,Industrials,Construction & Engineering,"Dallas, Texas",view,1361538.0
PRK,Park National Corp.,Financials,Regional Banks,"Newark, Ohio",view,805676.0
PRKS,United Parks & Resorts,Consumer Discretionary,Leisure Facilities,"Orlando, Florida",view,1564902.0
PRLB,Protolabs,Industrials,Industrial Machinery & Supplies & Components,"Maple Plain, Minnesota",view,1443669.0
PRSU,"Pursuit Attractions & Hospitality, Inc.",Consumer Discretionary,"Hotels, Resorts & Cruise Lines","Scottsdale, Arizona",view,884219.0
PRVA,"Privia Health Group, Inc.",Health Care,Health Care Services,"Arlington County, Virginia",view,1759655.0
PSMT,PriceSmart,Consumer Staples,Consumer Staples Merchandise Retail,"San Diego, California",view,1041803.0
PTCT,"PTC Therapeutics, Inc.",Health Care,Pharmaceuticals,"Warren Township, New Jersey",view,1070081.0
PTEN,"Patterson-UTI Energy, Inc.",Energy,Oil & Gas Drilling,"Houston, Texas",view,889900.0
PTGX,"Protagonist Therapeutics, Inc.",Health Care,Biotechnology,"Newark, California",view,1377121.0
PTON,"Peloton Interactive, Inc.",Consumer Discretionary,Leisure Products,"New York City, New York",view,1639825.0
PZZA,Papa John's Pizza,Consumer Discretionary,Restaurants,"Jeffersontown, Kentucky",view,901491.0
QDEL,QuidelOrtho,Health Care,Health Care Supplies,"San Diego, California",view,1906324.0
QNST,"QuinStreet, Inc.",Communication Services,Interactive Media & Services,"Foster City, California",view,1117297.0
QRVO,Qorvo,Information Technology,Semiconductors,"Greensboro, North Carolina",view,1604778.0
QTWO,"Q2 Holdings, Inc.",Information Technology,Application Software,"Austin, Texas",view,1410384.0
RAMP,"LiveRamp Holdings, Inc.",Information Technology,Application Software,"San Francisco, California",view,733269.0
RAL,Ralliant Corp,Information Technology,Electronic Equipment & Instruments,"New York City, New York",view,2041385.0
RCUS,"Arcus Biosciences, Inc.",Health Care,Biotechnology,"Hayward, California",view,1724521.0
RDN,"Radian Group, Inc.",Financials,Property & Casualty Insurance,"Philadelphia, Pennsylvania",view,890926.0
RDNT,"RadNet, Inc.",Health Care,Health Care Services,"Los Angeles, California",view,790526.0
RELY,Remitly,Financials,Transaction & Payment Processing Services,"Seattle, Washington",view,1782170.0
RES,"RPC, Inc.",Energy,Oil & Gas Equipment & Services,"Atlanta, Georgia",view,742278.0
REYN,Reynolds Consumer Products,Consumer Staples,Household Products,"Lake Forest, Illinois",view,1786431.0
REX,REX American Resources Corporation,Energy,Oil & Gas Refining & Marketing,"Dayton, Ohio",view,744187.0
REZI,"Resideo Technologies, Inc.",Industrials,Trading Companies & Distributors,"Scottsdale, Arizona",view,1740332.0
RHI,Robert Half,Industrials,Human Resource & Employment Services,"Menlo Park, California",view,315213.0
RHP,Ryman Hospitality Properties,Real Estate,Hotel & Resort REITs,"Nashville, Tennessee",view,1040829.0
RITM,Rithm Capital,Financials,Mortgage REITs,"New York City, New York",view,1556593.0
RNG,"RingCentral, Inc.",Information Technology,Application Software,"Belmont, California",view,1384905.0
RNST,Renasant Corp.,Financials,Regional Banks,"Tupelo, Mississippi",view,715072.0
ROCK,"Gibraltar Industries, Inc.",Industrials,Building Products,"Buffalo, New York",view,912562.0
ROG,Rogers Corporation,Information Technology,Electronic Components,"Chandler, Arizona",view,84748.0
RRR,"Red Rock Resorts, Inc.",Consumer Discretionary,Casinos & Gaming,"Las Vegas, Nevada",view,1653653.0
RSI,"Rush Street Interactive, Inc.",Consumer Discretionary,Casinos & Gaming,"Chicago, Illinois",view,1793659.0
RUN,Sunrun,Industrials,Building Products,"San Francisco, California",view,1469367.0
RUSHA,Rush Enterprises,Industrials,Construction Machinery & Heavy Transportation Equipment,"New Braunfels, Texas",view,1012019.0
RXO,"RXO, Inc.",Industrials,Cargo Ground Transportation,"Charlotte, North Carolina",view,1929561.0
SAFE,"Safehold, Inc.",Real Estate,Other Specialized REITs,"New York City, New York",view,1095651.0
SABR,Sabre,Consumer Discretionary,"Hotels, Resorts & Cruise Lines","Southlake, Texas",view,1597033.0
SAFT,"Safety Insurance Group, Inc.",Financials,Property & Casualty Insurance,"Boston, Massachusetts",view,1172052.0
SAH,"Sonic Automotive, Inc.",Consumer Discretionary,Automotive Retail,"Charlotte, North Carolina",view,1043509.0
SBCF,Seacoast Banking Corporation of Florida,Financials,Regional Banks,"Stuart, Florida",view,730708.0
SBH,"Sally Beauty Holdings, Inc.",Consumer Discretionary,Specialty Stores,"Denton, Texas",view,1368458.0
SBSI,"Southside Bancshares, Inc.",Financials,Regional Banks,"Tyler, Texas",view,705432.0
SCHL,Scholastic Corporation,Consumer Discretionary,Publishing,"New York City, New York",view,866729.0
SCL,Stepan Company,Materials,Specialty Chemicals,"Northfield, Illinois",view,94049.0
SCSC,"ScanSource, Inc.",Information Technology,Technology Distributors,"Greenville, South Carolina",view,918965.0
SDGR,"Schrödinger, Inc.",Health Care,Health Care Services,"New York City, New York",view,1490978.0
SEDG,SolarEdge,Information Technology,Semiconductor Materials & Equipment,"Herzliya, Israel",view,1419612.0
SEZL,Sezzle,Financials,Transaction & Payment Processing Services,"Minneapolis, Minnesota",view,1662991.0
SFBS,"ServisFirst Bancshares, Inc.",Financials,Regional Banks,"Birmingham, Alabama",view,1430723.0
SFNC,Simmons First National Corporation,Financials,Regional Banks,"Little Rock, Arkansas",view,90498.0
SHAK,"Shake Shack, Inc.",Consumer Discretionary,Restaurants,"New York City, New York",view,1620533.0
SHEN,Shenandoah Telecommunications Co,Communication Services,Wireless Telecommunication Services,"Edinburg, Virginia",view,354963.0
SHO,"Sunstone Hotel Investors, Inc.",Real Estate,Hotel & Resort REITs,"Aliso Viejo, California",view,1295810.0
SHOO,"Steven Madden, Ltd.",Consumer Discretionary,Footwear,"Long Island City, New York",view,913241.0
SIG,Signet Jewelers,Consumer Discretionary,Specialty Stores,"Akron, Ohio",view,832988.0
SKT,"Tanger Factory Outlet Centers, Inc.",Real Estate,Retail REITs,"Greensboro, North Carolina",view,899715.0
SKY,"Champion Homes, Inc.",Consumer Discretionary,Homebuilding,"Troy, Michigan",view,90896.0
SKYW,"SkyWest, Inc.",Industrials,Passenger Airlines,"St. George, Utah",view,793733.0
SLG,SL Green Realty,Real Estate,Office REITs,"New York City, New York",view,1040971.0
SLVM,Sylvamo Corp.,Materials,Paper Products,"Memphis, Tennessee",view,1856485.0
SM,SM Energy Company,Energy,Oil & Gas Exploration & Production,"Denver, Colorado",view,893538.0
SMP,"Standard Motor Products, Inc.",Consumer Discretionary,Automotive Parts & Equipment,"Long Island City, New York",view,93389.0
SMPL,Simply Good Foods Company,Consumer Staples,Packaged Foods & Meats,"Denver, Colorado",view,1702744.0
SNDR,Schneider National,Industrials,Cargo Ground Transportation,"Green Bay, Wisconsin",view,1692063.0
SNEX,StoneX Group Inc.,Financials,Investment Banking & Brokerage,"New York City, New York",view,913760.0
SONO,"Sonos, Inc.",Consumer Discretionary,Consumer Electronics,"Santa Barbara, California",view,1314727.0
SPHR,Sphere Entertainment,Communication Services,Movies & Entertainment,"New York City, New York",view,1795250.0
SPNT,SiriusPoint Ltd.,Financials,Reinsurance,"New York City, New York",view,1576018.0
SPSC,"SPS Commerce, Inc.",Information Technology,Application Software,"Minneapolis, Minnesota",view,1092699.0
SRPT,Sarepta Therapeutics,Health Care,Biotechnology,"Cambridge, Massachusetts",view,873303.0
STAA,STAAR Surgical Company,Health Care,Health Care Equipment,"Monrovia, California",view,718937.0
STBA,"S&T Bancorp, Inc.",Financials,Regional Banks,"Indiana, Pennsylvania",view,719220.0
STC,Stewart Information Services Corporation,Financials,Property & Casualty Insurance,"Houston, Texas",view,94344.0
STEP,StepStone Group,Financials,Asset Management & Custody Banks,"New York City, New York",view,1796022.0
STRA,"Strategic Education, Inc.",Consumer Discretionary,Education Services,"Herndon, Virginia",view,1013934.0
SUPN,"Supernus Pharmaceuticals, Inc.",Health Care,Pharmaceuticals,"Rockville, Maryland",view,1356576.0
SXI,Standex International Corporation,Industrials,Industrial Machinery & Supplies & Components,"Salem, New Hampshire",view,310354.0
SXT,Sensient Technologies,Materials,Specialty Chemicals,"Milwaukee, Wisconsin",view,310142.0
TALO,"Talos Energy, Inc.",Energy,Oil & Gas Exploration & Production,"Houston, Texas",view,1724965.0
TBBK,"The Bancorp, Inc.",Financials,Regional Banks,"Wilmington, Delaware",view,1295401.0
TDC,Teradata,Information Technology,IT Consulting & Other Services,"San Diego, California",view,816761.0
TDS,"Telephone and Data Systems, Inc.",Communication Services,Integrated Telecommunication Services,"Chicago, Illinois",view,1051512.0
TDW,"Tidewater, Inc.",Energy,Oil & Gas Equipment & Services,"Houston, Texas",view,98222.0
TFIN,"Triumph Bancorp, Inc.",Financials,Regional Banks,"Dallas, Texas",view,1539638.0
TFX,Teleflex,Health Care,Health Care Equipment,"Wayne, Pennsylvania",view,96943.0
TGTX,"TG Therapeutics, Inc.",Health Care,Biotechnology,"Morrisville, North Carolina",view,1001316.0
THRM,Gentherm Incorporated,Consumer Discretionary,Automotive Parts & Equipment,"Farmington Hills, Michigan",view,903129.0
TILE,"Interface, Inc.",Industrials,Office Services & Supplies,"Atlanta, Georgia",view,715787.0
TMDX,"TransMedics Group, Inc.",Health Care,Health Care Equipment,"Andover, Massachusetts",view,1756262.0
TMP,Tompkins Financial Corporation,Financials,Regional Banks,"Ithaca, New York",view,1005817.0
TNC,Tennant Company,Industrials,Industrial Machinery & Supplies & Components,"Eden Prairie, Minnesota",view,97134.0
TNDM,Tandem Diabetes Care,Health Care,Health Care Equipment,"San Diego, California",view,1438133.0
TR,"Tootsie Roll Industries, Inc.",Consumer Staples,Packaged Foods & Meats,"Chicago, Illinois",view,98677.0
TRIP,TripAdvisor,Communication Services,Interactive Media & Services,"Needham, Massachusetts",view,1526520.0
TRMK,Trustmark Corp.,Financials,Regional Banks,"Jackson, Mississippi",view,36146.0
TRN,"Trinity Industries, Inc.",Industrials,Construction Machinery & Heavy Transportation Equipment,"Dallas, Texas",view,99780.0
TRNO,Terreno Realty Corporation,Real Estate,Industrial REITs,"San Francisco, California",view,1476150.0
TRST,TrustCo Bank Corp NY,Financials,Regional Banks,"Glenville, New York",view,357301.0
TRUP,Trupanion,Financials,Life & Health Insurance,"Seattle, Washington",view,1371285.0
TWO,Two Harbors Investment Corp.,Financials,Mortgage REITs,"St. Louis Park, Minnesota",view,1465740.0
UA,Under Armour (Class C),Consumer Discretionary,"Apparel, Accessories & Luxury Goods","Baltimore, Maryland",view,1336917.0
UAA,Under Armour (Class A),Consumer Discretionary,"Apparel, Accessories & Luxury Goods","Baltimore, Maryland",view,1336917.0
UCB,"United Community Banks, Inc.",Financials,Regional Banks,"Greenville, South Carolina",view,857855.0
UCTT,"Ultra Clean Holdings, Inc.",Information Technology,Semiconductor Materials & Equipment,"Hayward, California",view,1275014.0
UE,Urban Edge Properties,Real Estate,Retail REITs,"Paramus, New Jersey",view,1611547.0
UFCS,"United Fire Group, Inc.",Financials,Property & Casualty Insurance,"Cedar Rapids, Iowa",view,101199.0
UFPT,"UFP Technologies, Inc.",Health Care,Health Care Equipment,"Newburyport, Massachusetts",view,914156.0
UNF,UniFirst Corporation,Industrials,Diversified Support Services,"Wilmington, Massachusetts",view,717954.0
UNFI,United Natural Foods Inc,Consumer Staples,Food Retail,"Providence, Rhode Island",view,1020859.0
UNIT,Uniti Group,Communication Services,Alternative Carriers,"Little Rock, Arkansas",view,2020795.0
UPBD,"Upbound Group, Inc.",Consumer Discretionary,Computer & Electronics Retail,"Plano, Texas",view,933036.0
UPWK,"Upwork, Inc.",Industrials,Human Resource & Employment Services,"Palo Alto, California",view,1627475.0
URBN,"Urban Outfitters, Inc.",Consumer Discretionary,Apparel Retail,"Philadelphia, Pennsylvania",view,912615.0
USLM,"United States Lime & Minerals, Inc.",Materials,Construction Materials,"Dallas, Texas",view,82020.0
USPH,"U.S. Physical Therapy, Inc.",Health Care,Health Care Facilities,"Houston, Texas",view,885978.0
UTI,Universal Technical Institute,Consumer Discretionary,Education Services,"Phoenix, Arizona",view,1261654.0
UTL,Unitil Corporation,Utilities,Electric Utilities,"Hampton, New Hampshire",view,755001.0
UVV,Universal Corporation,Consumer Staples,Tobacco,"Richmond, Virginia",view,102037.0
VAC,Marriott Vacations Worldwide,Consumer Discretionary,"Hotels, Resorts & Cruise Lines","Orlando, Florida",view,1524358.0
VCEL,Vericel,Health Care,Biotechnology,"Cambridge, Massachusetts",view,887359.0
VCTR,"Victory Capital Holdings, Inc.",Financials,Asset Management & Custody Banks,"San Antonio, Texas",view,1570827.0
VCYT,"Veracyte, Inc.",Health Care,Health Care Services,"San Francisco, California",view,1384101.0
VECO,Veeco Instruments Inc.,Information Technology,Semiconductor Materials & Equipment,"Plainview, New York",view,103145.0
VGNT,Versigent PLC,Consumer Discretionary,Other Specialty Retail,"Schaffhausen, Switzerland",view,2078008.0
VIR,"Vir Biotechnology, Inc.",Health Care,Biotechnology,"San Francisco, California",view,1706431.0
VIRT,"Virtu Financial, Inc.",Financials,Financial Exchanges & Data,"New York City, New York",view,1592386.0
VRRM,Verra Mobility Corporation,Industrials,Data Processing & Outsourced Services,"Mesa, Arizona",view,1682745.0
VRTS,"Virtus Investment Partners, Inc.",Financials,Asset Management & Custody Banks,"Hartford, Connecticut",view,883237.0
VSAT,"Viasat, Inc.",Information Technology,Communications Equipment,"Carlsbad, California",view,797721.0
VSEC,VSE Corporation,Industrials,Aerospace & Defense,"Miramar, Florida",view,102752.0
VSH,Vishay Intertechnology,Information Technology,Electronic Components,"Malvern, Pennsylvania",view,103730.0
VSNT,"Versant Media Group, Inc.",Communication Services,Cable & Satellite,"Englewood Cliffs, New Jersey",view,2067876.0
VSTS,Vestis,Industrials,Diversified Support Services,"Roswell, Georgia",view,1967649.0
VSXY,Victoria's Secret,Consumer Discretionary,Apparel Retail,"Reynoldsburg, Ohio",view,1856437.0
VTOL,Bristow Group Inc.,Energy,Oil & Gas Equipment & Services,"Houston, Texas",view,1525221.0
VYX,NCR Voyix,Information Technology,IT Consulting & Other Services,"Atlanta, Georgia",view,70866.0
WABC,Westamerica Bank,Financials,Regional Banks,"San Rafael, California",view,311094.0
WAFD,"WaFd, Inc.",Financials,Regional Banks,"Seattle, Washington",view,936528.0
WAY,Waystar Holding Corp,Health Care,Health Care Technology,"Lehi, Utah",view,1990354.0
WD,"Walker & Dunlop, Inc.",Financials,Commercial & Residential Mortgage Finance,"Bethesda, Maryland",view,1497770.0
WDFC,WD-40 Company,Consumer Staples,Household Products,"San Diego, California",view,105132.0
WEN,The Wendy's Company,Consumer Discretionary,Restaurants,"Dublin, Ohio",view,105668.0
WERN,Werner Enterprises,Industrials,Cargo Ground Transportation,"Omaha, Nebraska",view,793074.0
WGO,"Winnebago Industries, Inc.",Consumer Discretionary,Automobile Manufacturers,"Eden Prairie, Minnesota",view,107687.0
WHD,"Cactus, Inc.",Energy,Oil & Gas Equipment & Services,"Houston, Texas",view,1699136.0
WINA,Winmark,Consumer Discretionary,Other Specialty Retail,"Minneapolis, Minnesota",view,908315.0
WKC,World Kinect Corporation,Energy,Oil & Gas Refining & Marketing,"Doral, Florida",view,789460.0
WLY,John Wiley & Sons,Communication Services,Publishing,"Hoboken, New Jersey",view,107140.0
WOR,Worthington Enterprises,Industrials,Building Products,"Columbus, Ohio",view,108516.0
WRBY,Warby Parker,Consumer Discretionary,"Apparel, Accessories & Luxury Goods","New York City, New York",view,1504776.0
WRLD,World Acceptance Corporation,Financials,Consumer Finance,"Greenville, South Carolina",view,108385.0
WS,Worthington Steel,Materials,Steel,"Columbus, Ohio",view,1968487.0
WSBC,WesBanco,Financials,Regional Banks,"Wheeling, West Virginia",view,203596.0
WSC,WillScot Holdings Corp.,Industrials,Office Services & Supplies,"Phoenix, Arizona",view,1647088.0
WSFS,WSFS Financial Corporation,Financials,Regional Banks,"Wilmington, Delaware",view,828944.0
WSR,Whitestone REIT,Real Estate,Retail REITs,"Houston, Texas",view,1175535.0
WT,"WisdomTree Investments, Inc.",Financials,Asset Management & Custody Banks,"New York City, New York",view,880631.0
WU,Western Union,Financials,Transaction & Payment Processing Services,"Denver, Colorado",view,1365135.0
WWW,"Wolverine World Wide, Inc.",Consumer Discretionary,Footwear,"Rockford, Michigan",view,110471.0
XHR,"Xenia Hotels & Resorts, Inc.",Real Estate,Hotel & Resort REITs,"Orlando, Florida",view,1616000.0
XNCR,Xencor Inc,Health Care,Biotechnology,"Pasadena, California",view,1326732.0
XPEL,"XPEL, Inc.",Consumer Discretionary,Automotive Parts & Equipment,"San Antonio, Texas",view,1767258.0
YELP,"Yelp, Inc.",Communication Services,Interactive Media & Services,"San Francisco, California",view,1345016.0
YOU,"Clear Secure, Inc.",Information Technology,Application Software,"New York City, New York",view,1856314.0
ZD,Ziff Davis,Communication Services,Advertising,"New York City, New York",view,1084048.0
ZWS,Zurn Elkay Water Solutions Corp.,Industrials,Industrial Machinery & Supplies & Components,"Milwaukee, Wisconsin",view,1439288.0
